Task Title,Description,Due Date,Assigned To,Priority,Category,Dependencies,Tags
"[STRAT] P1.1 - Desenvolver 3-6 metas anuais company-level","Lista de 3-6 OKRs ano 2026 alinhados a Visao consolidada. Esforco 3 x Impacto 5.",2026-06-20,Socio-CEO-TBD,P1,Strategy,P0.1,"S60,okr"
"[GOV] P1.2 - Definir meta mensal por cadeira","Cada cadeira com 1-3 KRs mensais mensuraveis cascateados das metas anuais. Esforco 3 x Impacto 4.",2026-06-27,Socio-dono-cadeira,P1,Governance,"P0.2;P1.1","S60,okr,cadeiras"
"[COM] P1.3 - Atualizar CRM comercial (estrutura pipeline + campos custom)","Pipeline GHL com 5-7 etapas + campos custom para qualificacao de lead. Esforco 3 x Impacto 4.",2026-06-27,Socio-CMO-TBD,P1,Commercial,P0.2,"S60,crm,ghl"
"[OPS] P1.4 - Definir fluxograma da Operacao end-to-end","Diagrama (Lucidchart/Miro) lead -> cliente -> entrega -> pos-venda com owner por etapa. Esforco 4 x Impacto 4.",2026-06-27,Socio-COO-TBD,P1,Operations,P0.2,"S60,processo"
"[COM] P1.5 - Definir comunicacao padronizada com cliente","Templates email + WhatsApp + follow-up para cada etapa do funil. Sobe prioridade pois ha 1-4 clientes ativos hoje. Esforco 3 x Impacto 4.",2026-07-04,Socio-CMO-TBD,P1,Commercial,"P0.1;P1.3","S60,cliente,templates"
"[OPS] P1.6 - Criar Drive padronizado do cliente (template)","Template de pasta por cliente novo + permissoes automaticas. Esforco 2 x Impacto 3.",2026-07-04,Socio-CIO-TBD,P1,Operations,P0.8,"S60,cliente,drive"
"[BRAND] P1.7 - PPTs padronizados (apresentacao do time + comercial)","2 decks: institucional + comercial alinhados a Visao. Esforco 3 x Impacto 3.",2026-07-04,Socio-CMO-TBD,P1,Brand,"P0.1;P0.2","S60,branding"
"[JUR] P1.8 - Organizar contratos dentro da GHL","Workflow GHL: gera/envia/assina/arquiva contrato; biblioteca de templates. Esforco 3 x Impacto 4.",2026-07-13,Socio-CFO-TBD,P1,Legal,P0.5,"S60,ghl,contratos"
"[FIN] P1.9 - Organizar plataforma de pagamento dentro da GHL","Stripe/Pagar.me integrado ao GHL; cobranca automatica por etapa. Esforco 3 x Impacto 4.",2026-07-13,Socio-CFO-TBD,P1,Financial,P0.5,"S60,ghl,pagamento"
"[TI] P1.10 - Resetar testes/configs antigas da GHL","Limpar workflows/forms/triggers orfaos; documentar estado atual. Esforco 2 x Impacto 3.",2026-06-20,Socio-CIO-TBD,P1,IT,,"S60,ghl,limpeza"
"[JUR] P1.11 - Iniciar registro de marca Kolden (INPI)","[BLOQ-EXT] Pedido protocolado no INPI (decisao final em 12-18 meses). Esforco 2 x Impacto 4.",2026-07-13,Socio-CFO-TBD,P1,Legal,P0.5,"S60,bloq-ext,marca"
"[FIN] P1.12 - Centralizar ferramentas no banco PJ novo","Todas assinaturas SaaS migradas para cartao/conta PJ nova. Esforco 2 x Impacto 3.",2026-07-13,Socio-CFO-TBD,P1,Financial,"P0.5;P0.6","S60,banco-pj"
"[COM] P1.13 - Definir fluxograma de reunioes comerciais","Fluxos detalhados: Sondagem / Pitch Vendas / Monetizacao / Onboarding. Esforco 3 x Impacto 4.",2026-07-13,Socio-CMO-TBD,P1,Commercial,"P1.3;P1.4","S60,comercial,reunioes"
"[FIN] P1.G2 - Politica de pro-labore + distribuicao de lucros (GAP)","Documento aprovado pelos 4 socios definindo retirada mensal + criterio de distribuicao quando ha lucro. Bomba-relogio se nao formalizado antes da primeira receita.",2026-06-20,Socio-CFO-TBD,P1,Financial,P0.2,"S60,gap,socios"
"[JUR] P1.G3 - LGPD compliance basica (GAP)","Politica de privacidade + termos de uso publicados; base legal definida para tratamento de dados. Pre-requisito para funis de captacao.",2026-06-20,Socio-CFO-TBD,P1,Legal,,"S60,gap,lgpd"
"[STRAT] P1.G5 - Definir ICP (Ideal Customer Profile) (GAP)","Persona escrita com firmografico demografico psicografico jobs-to-be-done. Sem ICP funil P2.5 e comunicacao P1.5 viram chute.",2026-06-20,Socio-CMO-TBD,P1,Strategy,P0.1,"S60,gap,icp"
"[OPS] P1.G8 - Interface Kolden x squad copy-master (33 copywriters) (GAP)","Modelo de remuneracao + processo de demanda + SLA + governanca documentados.",2026-07-13,Socio-COO-TBD,P1,Operations,P0.2,"S60,gap,squad"
"[BRAND] P2.1 - Revisar/atualizar canais de branding (Site IG FB)","3 canais com bio/header/destaques alinhados a Visao + brandbook.",2026-08-03,Socio-CMO-TBD,P2,Brand,"P0.1;P2.3","S90,branding,canais"
"[BRAND] P2.2 - Revisar/atualizar material visual (MIV capa WPP fundo de call)","Kit visual completo dos socios e da empresa.",2026-08-03,Socio-CMO-TBD,P2,Brand,P2.3,"S90,branding,visual"
"[BRAND] P2.3 - Brandbook completo da Kolden","Documento PDF com logo paleta tipografia tom de voz dos & donts.",2026-07-27,Socio-CMO-TBD,P2,Brand,"P0.1;mini-MIV","S90,branding,brandbook"
"[BRAND] P2.4 - Criar funil institucional","Funil quem-e-a-Kolden: lead magnet -> nurturing -> MQL.",2026-08-12,Socio-CMO-TBD,P2,Brand,"P0.1;P1.3;P1.5","S90,funil,institucional"
"[BRAND] P2.5 - Criar funil de captacao (clientes)","Funil de venda: anuncio/organico -> LP -> discovery call -> proposta.",2026-08-12,Socio-CMO-TBD,P2,Brand,"P0.1;P1.5;P1.G5","S90,funil,captacao"
"[BRAND] P2.6 - Criar novas redes sociais (TikTok Pinterest)","Contas ativas com 30 dias de planejamento de conteudo.",2026-08-12,Socio-CMO-TBD,P2,Brand,P2.3,"S90,redes-sociais"
"[STRAT] P2.7 - Plano estrategico nos 3 horizontes (18m/36m/60m)","Documento alocando recursos 70% H1 / 20% H2 / 10% H3.",2026-07-20,Socio-CEO-TBD,P2,Strategy,"P0.1;P1.1","S90,estrategia,horizontes"
"[STRAT] P2.8 - Arquitetar cultura organizacional (5 pilares)","Valores + Comportamentos + Rituais + Narrativas + Incentivos documentados.",2026-07-20,Socio-CEO-TBD,P2,Strategy,"P0.1;P0.2","S90,cultura"
"[OPS] P2.9 - Pente fino digital dos socios","Audit de redes sociais pessoais + criar notebookLM individual por socio.",2026-07-27,Socio-COO-TBD,P2,Operations,P0.4,"S90,sociosdigital"
"[GOV] P2.G6 - Definir o que a Kolden NAO e (GAP)","Documento de escopo + lista publica dos naos estrategicos.",2026-07-20,Socio-CEO-TBD,P2,Governance,P0.1,"S90,gap,foco"
"[OPS] P2.G10 - Plano de continuidade / backup operacional (GAP)","Playbook: o que acontece se cada socio ficar 30d offline; runbooks criticos documentados.",2026-08-12,Socio-COO-TBD,P2,Operations,P1.4,"S90,gap,continuidade"
