"Nome completo";CPF/CNPJ;E-mail;"Telefone de Contato";Gênero;"Data de nascimento";Endereço;Número;Complemento;Cidade;Bairro;Estado;CEP;País;"Total Consumido (BRL)";"Número de Compras";"Última Compra";Data;Cadastrado;"Inscrição para newsletter";Marketing;"Marketing (atualização)"
"Adriana Reis";93369603691;adrianadepaulareis@gmail.com;+5531987567245;;;"Rua Dom Aristides Porto";201;"Apto 504";"Belo Horizonte";"Coração Eucarístico";"Minas Gerais";30535450;Brasil;194.35;1;06/06/2026;06/06/2026;NÃO;NÃO;"Não aceita";06/06/2026
"Alice Murari";33984779844;pupoalice@gmail.com;+5519983294545;;;"Rua Rio Grande";678;"apartamento 53";"São Paulo";"Vila Mariana";"São Paulo";04018001;Brasil;579.00;1;10/06/2026;10/06/2026;SIM;NÃO;Aceita;10/06/2026
"Alice Pimentel";23926476826;alicefpimentel2002@gmail.com;+5511952271075;;;"Rua Deputado Laércio Corte";1300;"Apartamento 11";"São Paulo";"Paraíso do Morumbi";"São Paulo";05706290;Brasil;207.42;1;29/06/2026;29/06/2026;NÃO;NÃO;Aceita;29/06/2026
"Aline Ariadne Assis";39932439860;alineariadneassis@gmail.com;+5511991440655;;;"Rua Lydia Cainelli Gabriel";122;;Itatiba;"Loteamento Residencial Vale das Águas";"São Paulo";13255194;Brasil;224.40;1;29/05/2026;29/05/2026;NÃO;NÃO;Aceita;29/05/2026
"Amalia Reis";04555345355;contatoamyreis@hotmail.com;+5585988424409;;;"Rua Deusdedit Costa Sousa";55;"Apto 803";Fortaleza;Cocó;Ceará;60192460;Brasil;208.82;1;26/06/2026;26/06/2026;NÃO;NÃO;Aceita;26/06/2026
"Amanda GALINDO";01081378565;GALINDOAMANDA26@GMAIL.COM;+5511941542211;;;"Avenida Magalhães de Castro, 12000";12000;"TORRE ipes APT 220";"São Paulo";"Cidade Jardim";"São Paulo";05676900;Brasil;591.85;1;04/06/2026;04/06/2026;NÃO;NÃO;Aceita;04/06/2026
"Amanda Mello";49414476890;amanda.dass.mello@gmail.com;;;;"Alameda Franca";910;"Apto 10";"São Paulo";"Jardim Paulista";"São Paulo";01422001;Brasil;352.15;1;26/05/2026;26/05/2026;NÃO;NÃO;"Não aceita";26/05/2026
"Amanda Schramm Vontobel";01301296074;meamoavs@gmail.com;+5555991282212;;;"Avenida Independência";1053;"Ap 502";"Porto Alegre";"Rio Branco";"Rio Grande do Sul";90035077;Brasil;490.20;1;19/06/2026;19/06/2026;NÃO;NÃO;Aceita;19/06/2026
"Amelie Nina";14773047704;amelienina04@gmail.com;+5521993489306;;;"Rua Marquês de Olinda";19;;"Rio de Janeiro";Botafogo;"Rio de Janeiro";22251040;Brasil;312.24;1;04/06/2026;04/06/2026;NÃO;NÃO;Aceita;04/06/2026
Ana;00385788754;analuciaantonaccio@gmail.com;+5513997107116;;;"Alameda Casa Branca";939;"Apt 131";"São Paulo";"Jardim Paulista";"São Paulo";01408001;Brasil;0.00;0;;26/05/2026;SIM;NÃO;"Não aceita";26/05/2026
"Ana Carolina Ferraz";44863332840;contato.affz@gmail.com;;;;"Rua Barata Ribeiro";336;32;"São Paulo";"Bela Vista";"São Paulo";01308000;Brasil;211.58;1;26/05/2026;26/05/2026;NÃO;NÃO;"Não aceita";26/05/2026
"Ana Clara";54493696893;anaclara9160@gmail.com;;;;"Rua 21 de Abril";1293;;"São Paulo";Brás;"São Paulo";03047000;Brasil;678.28;1;26/05/2026;26/05/2026;SIM;NÃO;"Não aceita";26/05/2026
"Ana Serfaty";60693720778;anabeatrizserfaty@gmail.com;+5521992871438;;;"Avenida Afrânio de Melo Franco";20;Cob;"Rio de Janeiro";Leblon;"Rio de Janeiro";22430060;Brasil;274.10;1;28/05/2026;28/05/2026;NÃO;NÃO;Aceita;28/05/2026
"Ana Tasca";01940738903;ana@rodrigovalente.com.br;+5544988278096;;;"Avenida Carlos Correa Borges";2211;"casa 66";Maringá;"Conjunto Habitacional Inocente Vila Nova Júnior";Paraná;87060000;Brasil;235.76;1;14/06/2026;14/06/2026;NÃO;NÃO;"Não aceita";14/06/2026
"Andréa Bergonci";02146390026;leticiaabcamargo@gmail.com;+5554996522102;;;"Avenida dos Cubanos";114;"Apto 1005";"Porto Alegre";Partenon;"Rio Grande do Sul";91530040;Brasil;314.54;1;27/05/2026;27/05/2026;NÃO;NÃO;Aceita;27/05/2026
"Anna Paula Amorim";35932231807;anna_amorimm@hotmail.com;+5519989388460;;;"Avenida Santo Amaro";1342;"APTO 2112 - 21 ANDAR ";"São Paulo";"Vila Nova Conceição";"São Paulo";04506001;Brasil;463.20;1;27/06/2026;27/06/2026;NÃO;NÃO;Aceita;27/06/2026
"Anne Coelho";60904454363;anneclara2019@gmail.com;+5598984636784;;;"Rua Professor Pinho Rodrigues";3;"Edifício La Rochelle apto 204";"São Luís";Renascença;Maranhão;65075740;Brasil;134.33;1;29/06/2026;29/06/2026;SIM;NÃO;"Não aceita";29/06/2026
"Anne Ribeiro";03615432126;annepribeiroo@gmail.com;+5561998822007;;;"Quadra SQS 112 Bloco H";601;;Brasília;"Asa Sul";"Distrito Federal";70375080;Brasil;1482.00;1;16/06/2026;16/06/2026;NÃO;NÃO;Aceita;16/06/2026
"Anny Reginato";45615817828;annyreginato43@gmail.com;;;;"Rua Espanha";695;;Itapeva;"Jardim Europa";"São Paulo";18406410;Brasil;322.70;1;26/05/2026;26/05/2026;SIM;NÃO;Aceita;26/05/2026
"Antonia Guedes";56979314840;tunifariaguedess@gmail.com;+5521998641009;;;"Rua Brisa do Mar";80;;"Rio de Janeiro";"Barra da Tijuca";"Rio de Janeiro";22793430;Brasil;452.20;1;03/06/2026;03/06/2026;NÃO;NÃO;"Não aceita";03/06/2026
"Ariana Pinheiro";09372071951;arianaspinheiro@hotmail.com;+5544999038790;;;"Avenida Guedner";521;"Apto 702";Maringá;"Zona 08";Paraná;87050390;Brasil;470.25;1;01/06/2026;01/06/2026;NÃO;NÃO;"Não aceita";01/06/2026
"Augusto Draeger";15549306930;augustodraeger5@gmail.com;+5545988183642;;;"Avenida Marginal Percy de Oliveira Junior";7122;"Empresa Rotta alimentos, AUGUS";Cascavel;"Vista Linda";Paraná;85811699;Brasil;550.05;1;05/06/2026;05/06/2026;NÃO;NÃO;Aceita;05/06/2026
"Ava Zaitz";53644152870;ava.zaitz@gmail.com;+5511959501316;;;"Rua Maestro Elias Lobo";246;"casa ";"São Paulo";"Jardim Paulista";"São Paulo";01433000;Brasil;218.88;1;16/06/2026;16/06/2026;NÃO;NÃO;"Não aceita";16/06/2026
"Barbara Franco";18282800708;itsbarbarafranco@gmail.com;+5521988849699;;;"Rua Floriano Fontoura";925;Casa;"Rio de Janeiro";"Barra da Tijuca";"Rio de Janeiro";22793314;Brasil;711.66;2;04/06/2026;28/05/2026;NÃO;NÃO;Aceita;28/05/2026
"Barbara Franco";15854897784;kxzynnnn@gmail.com;+5524988552911;;;"Rua Floriano Fontoura";925;"Cond. Santa Monica Jardins";"Rio de Janeiro";"Barra da Tijuca";"Rio de Janeiro";22793314;Brasil;0.00;0;;04/06/2026;NÃO;NÃO;"Não aceita";04/06/2026
"Beatriz lauar";03848656159;lauar.beatriz@gmail.com;+5561991423233;;;"Alameda Rio Claro";95;"apto 112";"São Paulo";"Bela Vista";"São Paulo";01332010;Brasil;652.00;1;16/06/2026;16/06/2026;NÃO;NÃO;Aceita;16/06/2026
"Beatriz Martins";15500633406;beatrizeleuterio2288@gmail.com;+5581999891636;;;"Avenida Boa Viagem";6396;"Apto 1001";Recife;"Boa Viagem";Pernambuco;51130000;Brasil;92.28;1;07/06/2026;07/06/2026;NÃO;NÃO;Aceita;07/06/2026
"Beatriz Resende";;bia.resendebento@gmail.com;+5561993171781;;;;;;;;;;;0.00;0;;30/05/2026;SIM;NÃO;Aceita;30/05/2026
"Bettina Vieira";05614028501;bettinapvieira@gmail.com;+5511988588272;;;"Rua Doutor Alberto Lyra";345;"Casa 28";"São Paulo";"Jardim Panorama";"São Paulo";05679165;Brasil;469.30;1;17/06/2026;17/06/2026;NÃO;NÃO;Aceita;17/06/2026
"Bianca Marafão";04546597258;marafaob@gmail.com;+5541998096341;;;"Rua Adelmo Arkanjo Bissi";213;;Curitiba;Cachoeira;Paraná;82220400;Brasil;126.71;1;23/06/2026;23/06/2026;NÃO;NÃO;"Não aceita";23/06/2026
"Borami Annahas";15252115958;boramiannahas1@gmail.com;+5545991190081;;;"Avenida Pedro Basso";341;"apartamento 1804";"Foz do Iguaçu";"Polo Centro";Paraná;85863756;Brasil;1542.30;2;23/06/2026;18/06/2026;NÃO;NÃO;"Não aceita";18/06/2026
"Bruna Almeida";13473897760;brunaalmeidaaef@gmail.com;+5521995659514;;;"Rua Ingles de Sousa";208;;"Rio de Janeiro";"Jardim Botânico";"Rio de Janeiro";22460110;Brasil;494.00;1;16/06/2026;16/06/2026;NÃO;NÃO;Aceita;16/06/2026
"Bruna Cervieri";;brucervierii@gmail.com;+5511995788022;;;;;;;;;;;0.00;0;;25/06/2026;NÃO;NÃO;"Não aceita";25/06/2026
"Brunna Coelho";49530252889;brunnacoelhoalvesaraujo@gmail.com;;;;"Rua Solidônio Leite";1127;;"São Paulo";"Vila Ivone";"São Paulo";03275000;Brasil;833.98;1;26/05/2026;26/05/2026;NÃO;NÃO;"Não aceita";26/05/2026
"Camila Granato Dias";10724440623;cagranato@yahoo.com;+5535984019777;;;"Rua Uberaba";190;;"Poços de Caldas";"Jardim dos Estados";"Minas Gerais";37701073;Brasil;395.20;1;13/06/2026;13/06/2026;NÃO;NÃO;Aceita;13/06/2026
"Camilla Flor";06278172461;millapflor@icloud.com;;;;"Alameda Itu";1401;"Ap 305";"São Paulo";"Jardim Paulista";"São Paulo";01421005;Brasil;211.58;1;25/05/2026;25/05/2026;NÃO;NÃO;"Não aceita";25/05/2026
"Camilla Panek";09143707904;camillacivolani@gmail.com;+5543999321413;;;"Avenida Carlos Artêncio";285;"221 torre II";Marília;Fragata;"São Paulo";17519255;Brasil;579.00;1;21/06/2026;21/06/2026;NÃO;NÃO;"Não aceita";21/06/2026
"Carolina Bianchim";41927124824;carolinabianchim@gmail.com;+5519998042104;;;"Avenida Armando de Salles Oliveira";1403;;Piracicaba;Centro;"São Paulo";13400010;Brasil;52.19;1;09/06/2026;09/06/2026;NÃO;NÃO;"Não aceita";09/06/2026
"Carolina Daflon";16734142736;carolinadossantosdaflon@gmail.com;+5521997677560;;;"Rua Geógrafo Amora";501;"G2 ";Niterói;Piratininga;"Rio de Janeiro";24350590;Brasil;494.00;1;27/06/2026;27/06/2026;NÃO;NÃO;Aceita;27/06/2026
"Carolina machado";27508559851;carolsolera@hotmail.com;+5511963452441;;;"Avenida Lopes de Azevedo";1336;"casa 4";"São Paulo";"Jardim Guedala";"São Paulo";05603001;Brasil;494.00;1;22/06/2026;22/06/2026;NÃO;NÃO;Aceita;22/06/2026
"Carolina Martinez de Bacco Ramalho";19924174747;ramalhocarol490@gmail.com;;;;"Rua Marechal Jofre";67;"Apto 804";"Rio de Janeiro";Grajaú;"Rio de Janeiro";20560180;Brasil;377.50;1;26/05/2026;26/05/2026;NÃO;NÃO;"Não aceita";26/05/2026
"Caroline Baptista";;clinesilva3@gmail.com;+5547984823261;;;;;;;;;;;0.00;0;;27/05/2026;SIM;NÃO;"Não aceita";23/06/2026
"Caroline Belitardo";05754516533;CAROLMNZS98@GMAIL.COM;+5571991784788;;;"Rua Waldemar Falcão";1449;"Apto 2902";Salvador;"Horto Florestal";Bahia;40295010;Brasil;336.18;1;01/06/2026;01/06/2026;NÃO;NÃO;Aceita;01/06/2026
"Caroline Gonzalez";47064147840;gonzalezcaroline@icloud.com;+5511997965547;;;"Rua Forte William";75;"Apto 51X";"São Paulo";"Jardim Fonte do Morumbi";"São Paulo";05704110;Brasil;409.36;1;26/06/2026;26/06/2026;NÃO;NÃO;"Não aceita";26/06/2026
"Caroline Gorra";17889257775;caroline.gorra@gmail.com;+5521973684005;;;"Rua Pedroso Alvarenga";1170;"apt 1308";"São Paulo";"Itaim Bibi";"São Paulo";04531004;Brasil;370.00;1;09/06/2026;09/06/2026;NÃO;NÃO;"Não aceita";09/06/2026
"Catarinna Souto";02383409022;catarinnasouto@gmail.com;+5551993538097;;;"Rua Leopoldo Couto Magalhães Júnior";1098;182N;"São Paulo";"Itaim Bibi";"São Paulo";04542001;Brasil;579.00;1;14/06/2026;14/06/2026;NÃO;NÃO;Aceita;14/06/2026
Clara;;16anamuller@gmail.com;2392235866;;;;;;;;;;;0.00;0;;26/05/2026;SIM;NÃO;Aceita;26/05/2026
"Clara Brito";14889006710;claraxbrito@gmail.com;+5521967078157;;;"Avenida Flamboyants da Península";155;"Apto 903, bloco 4";"Rio de Janeiro";"Barra da Tijuca";"Rio de Janeiro";22776070;Brasil;494.00;1;01/07/2026;01/07/2026;NÃO;NÃO;Aceita;01/07/2026
"Clara De Sá";52349097862;clarahelena2611@gmail.com;+5511995572604;;;"Rua Vinicius de Moraes";83;;Salto;"Terras de Mont Serrat";"São Paulo";13327159;Brasil;108.53;1;28/06/2026;28/06/2026;NÃO;NÃO;Aceita;28/06/2026
"Clara Melo Nunes";;matheusnovaesr24@gmail.com;+5513997568556;;;;;;;;;;;0.00;0;;26/06/2026;SIM;NÃO;Aceita;26/06/2026
"Clara Polanczyk";45539031806;clara.ep2011@gmail.com;+5511917112022;;;"Rua Pernambuco";109;"Apto. 62";"São Paulo";Higienópolis;"São Paulo";01240020;Brasil;0.00;0;;10/06/2026;NÃO;NÃO;Aceita;10/06/2026
"Daniella De la Cruz";06413531118;danipdelacruz@gmail.com;+5561998044120;;;"Quadra SQN 311 Bloco L";111;"Apartamento n° 111";Brasília;"Asa Norte";"Distrito Federal";70757120;Brasil;396.86;1;06/06/2026;06/06/2026;NÃO;NÃO;Aceita;06/06/2026
"David Nascimento de Souza";05084364518;davidnsouza@gmail.com;+5571999154848;;;"Rua Demercindo Alves da Silva";250;"Apt 133 / Bloco B";Sorocaba;"Jardim Piratininga";"São Paulo";18016085;Brasil;129.53;2;19/06/2026;20/05/2026;NÃO;NÃO;"Não aceita";20/05/2026
"Débora Amorim";40680586873;deboracamorim2@gmail.com;+5511959584786;;;"Rua Bartolomeu de Gusmão";90;Casa;Diadema;"Vila Nogueira";"São Paulo";09960430;Brasil;88.94;1;15/06/2026;15/06/2026;NÃO;NÃO;"Não aceita";15/06/2026
"Duda Jordan";54168487822;dudajordan345@gmail.com;;;;"Alameda Franca";660;"Apto 2";"São Paulo";"Jardim Paulista";"São Paulo";01422002;Brasil;294.61;1;27/05/2026;27/05/2026;SIM;NÃO;"Não aceita";27/05/2026
"Eduarda Ludwig";03778432028;dudagludwig@hotmail.com;+5554999385755;;;"Avenida das Hortênsias";4983;"loja black bull";Gramado;Carniel;"Rio Grande do Sul";95670760;Brasil;317.96;1;10/06/2026;10/06/2026;NÃO;NÃO;Aceita;10/06/2026
"Eduardo Duarte";02193959188;BEBELLUXTOLEDO@GMAIL.COM;+5562999727125;;;"Quadra SQS 413 Bloco N";SN;"apto 210 (última portaria E)";Brasília;"Asa Sul";"Distrito Federal";70296140;Brasil;694.80;1;27/06/2026;27/06/2026;NÃO;NÃO;Aceita;27/06/2026
"Elisa wang";24227710847;4561elisa@gmail.com;+5511993888801;;;"Rua Pelotas";202;113;"São Paulo";"Vila Mariana";"São Paulo";04012000;Brasil;181.45;1;28/05/2026;28/05/2026;NÃO;NÃO;Aceita;28/05/2026
"Enzo Ferrari";54466623856;ferrarienzzox@gmail.com;+5519998951571;;;"Rua Faustina Deny Stifter";138;;Indaiatuba;"Jardim Esplanada II";"São Paulo";13331580;Brasil;238.44;1;22/06/2026;22/06/2026;NÃO;NÃO;"Não aceita";08/06/2026
"Fabricia Novaretti";02280896702;professorafabricia@hotmail.com;+5527992776422;;;"Rodovia do Sol";21;"  Jardins veneza qda 3 lote 1";"Vila Velha";Interlagos;"Espírito Santo";29129640;Brasil;563.35;1;28/05/2026;28/05/2026;NÃO;NÃO;"Não aceita";28/05/2026
"Fernanda Antunes";40509844820;fernandasala55fmt@gmail.com;+5512982959000;;;"Rua Coronel João Cursino";223;"Apto 81";"São José dos Campos";"Vila Adyana";"São Paulo";12243680;Brasil;394.82;1;01/06/2026;01/06/2026;NÃO;NÃO;"Não aceita";01/06/2026
"Fernanda Costa Brant Moraes";12517123632;fernanda.cbrant@gmail.com;+5531999219931;;;"Rua Joaquim Linhares";207;1402;"Belo Horizonte";Anchieta;"Minas Gerais";30310400;Brasil;416.00;1;19/06/2026;19/06/2026;NÃO;NÃO;Aceita;19/06/2026
"Fernanda Guimarães";11388613670;fernandacgsa1210@gmail.com;+553171463632;;;"Rua Pium-I";1601;"apto 201";"Belo Horizonte";Cruzeiro;"Minas Gerais";30310080;Brasil;1100.10;1;30/06/2026;30/06/2026;NÃO;NÃO;"Não aceita";30/06/2026
"francesca Lopez";54759775854;franflcz@icloud.com;+5513996006479;;;"Rua Doutor José Pereira de Queiros";47;"Apto 203";"São Paulo";Higienópolis;"São Paulo";01241040;Brasil;309.46;1;21/06/2026;21/06/2026;NÃO;NÃO;"Não aceita";21/06/2026
"Francisca Braga";23871051845;francisca.braga7@gmail.com;+5511969962800;;;"Alameda Itapecuru";179;"Apto 803";Barueri;"Alphaville Centro Industrial e Empresarial/Alphaville.";"São Paulo";06454080;Brasil;791.00;1;12/06/2026;12/06/2026;NÃO;NÃO;"Não aceita";12/06/2026
"Gabriela Hun";23795630800;gabrieladchun@gmail.com;+5511996765335;;;"Alameda República Dominicana";1019;;Barueri;"Alphaville Residencial Dois";"São Paulo";06470040;Brasil;309.46;1;15/06/2026;15/06/2026;NÃO;NÃO;Aceita;15/06/2026
"Gabriela Lino";55248450802;gabigames2127@gmail.com;+5511991065410;;;"Avenida Açocê";50;"Apto 2105";"São Paulo";Indianópolis;"São Paulo";04075020;Brasil;104.73;1;27/06/2026;27/06/2026;NÃO;NÃO;Aceita;27/06/2026
"gabriela Lopes";45643049848;gabizinha321lopes@gmail.com;+5511960608393;;;"Rua Osório Duque Estrada";40;"Apto 1207";"São Paulo";Paraíso;"São Paulo";04001120;Brasil;238.06;1;29/05/2026;29/05/2026;NÃO;NÃO;"Não aceita";29/05/2026
"Gabriela Rossetto";76175642953;gabirossetto2005@gmail.com;+5511988813723;;;"Rua Helena";250;"Apt 404";"São Paulo";"Vila Olímpia";"São Paulo";04552050;Brasil;663.10;1;30/06/2026;30/06/2026;NÃO;NÃO;"Não aceita";30/06/2026
"Gabriele Casonatto de Souza";;gabrielecasonatto@hotmail.com;+5511974680954;;;;;;;;;;;0.00;0;;29/06/2026;NÃO;NÃO;"Não aceita";29/06/2026
"Georgia Valente";52602382817;georgiavalente2007@gmail.com;+5511964010027;;;"Alameda Granada";603;"condomínio ";Barueri;"Alphaville Conde II";"São Paulo";06473065;Brasil;238.06;1;13/06/2026;13/06/2026;NÃO;NÃO;Aceita;13/06/2026
"Giovanna Papa";12134136723;papavazsampaio@gmail.com;;;;"Rua República do Peru";239;504;"Rio de Janeiro";Copacabana;"Rio de Janeiro";22021040;Brasil;656.45;1;27/05/2026;27/05/2026;NÃO;NÃO;Aceita;27/05/2026
"Giovanna von Zuben";38321369839;giovonzuben@gmail.com;+5511966305869;;;"Rua Henrique Schaumann";212;"apto 20";"São Paulo";Pinheiros;"São Paulo";05413010;Brasil;521.10;1;08/06/2026;08/06/2026;NÃO;NÃO;"Não aceita";08/06/2026
"Giulia Coelho";44449404840;giuliacoelho@icloud.com;+5511964107202;;;"Rua Arcanjo Cassiel";15;;"São Paulo";"Jardim Denise";"São Paulo";02378335;Brasil;104.73;1;01/06/2026;01/06/2026;NÃO;NÃO;"Não aceita";01/06/2026
"Helena caradec";49095070867;helenacaradec@gmail.com;+5511959655000;;;"Rua Apiacás";688;121;"São Paulo";Perdizes;"São Paulo";05017020;Brasil;294.61;1;27/06/2026;27/06/2026;NÃO;NÃO;Aceita;27/06/2026
"Ilana Halperin";49697174865;ilanahalperin16@gmail.com;+5511982184800;;;"Rua Paraguaçu";521;118;"São Paulo";Perdizes;"São Paulo";05006011;Brasil;84.60;1;16/06/2026;16/06/2026;NÃO;NÃO;Aceita;16/06/2026
"Isabela Gelas";;isabelapgelas@gmail.com;+5514991264626;;;;;;;;;;;0.00;0;;28/06/2026;NÃO;NÃO;Aceita;28/06/2026
"Isabela Lima";06990763906;isabeladzierwa@gmail.com;+5541996866717;;;"Rua Quatá";804;"ap 151";"São Paulo";"Vila Olímpia";"São Paulo";04546044;Brasil;1170.96;1;27/05/2026;27/05/2026;NÃO;NÃO;Aceita;27/05/2026
"Isabella ADAMI";12270198905;ISABELLA.GADAMI@GMAIL.COM;+5541999972912;;;"Rua Gutemberg";49;301;Curitiba;Batel;Paraná;80420030;Brasil;1164.70;1;28/06/2026;28/06/2026;NÃO;NÃO;Aceita;28/06/2026
"Isabella Lee";55043791802;isa04bellalee@gmail.com;;;;"Rua Rodrigo Cláudio";308;"ap 102";"São Paulo";Aclimação;"São Paulo";01532020;Brasil;163.22;1;27/05/2026;27/05/2026;NÃO;NÃO;"Não aceita";27/05/2026
"Isabella Linard";52578241830;isabellalinard@gmail.com;;;;"Rua Teixeira da Silva";393;"apto 122";"São Paulo";Paraíso;"São Paulo";04002031;Brasil;316.68;1;27/05/2026;27/05/2026;NÃO;NÃO;"Não aceita";27/05/2026
"Isabelli Wang";39288921850;isabelliwang@hotmail.com;+5519981873391;;;"Rua Via Firenze";104;;Indaiatuba;"Jardim Vila Paradiso";"São Paulo";13331563;Brasil;494.00;1;15/06/2026;15/06/2026;NÃO;NÃO;"Não aceita";15/06/2026
"Janaina Santos";60274301172;ferreirajanaina@uol.com.br;+5561983402200;;;"Quadra SHIN QL 8 Conjunto 2";2;;Brasília;"Setor de Habitações Individuais Norte";"Distrito Federal";71520225;Brasil;579.00;1;16/06/2026;16/06/2026;NÃO;NÃO;Aceita;16/06/2026
"João pedro Cordova";04136479948;thatacordova@gmail.com;+5548991807710;;;"Rua Barão de Batovi";621;Ap:601;Florianópolis;Centro;"Santa Catarina";88015340;Brasil;91.66;1;20/06/2026;20/06/2026;NÃO;NÃO;Aceita;20/06/2026
"Julia  Gomes de Azevedo";05471348516;juliagomesazevedo@outlook.com;+5573999496042;;;"Alameda dos Aicás";1028;"Ed Sócrates Ap 84";"São Paulo";Indianópolis;"São Paulo";04086002;Brasil;580.00;1;08/05/2026;07/05/2026;SIM;NÃO;Aceita;07/05/2026
"Julia Galhano";16597498755;juliargalhano@gmail.com;+5521987297850;;;"Avenida Nilo Peçanha";26;"Deixar na portaria do cartório ";"Rio de Janeiro";Centro;"Rio de Janeiro";20020100;Brasil;936.00;1;30/05/2026;30/05/2026;NÃO;NÃO;Aceita;30/05/2026
"Juliana Motta";11614898782;agorasoulinda@yahoo.com;+5521974080161;;;"Rua João Moura";636;"apt 152";"São Paulo";Pinheiros;"São Paulo";05412004;Brasil;533.00;1;26/06/2026;26/06/2026;NÃO;NÃO;"Não aceita";26/06/2026
"Junia Lopez";;junielopezpg@gmail.com;+5561981072999;;;;;;;;;;;0.00;0;;30/06/2026;NÃO;NÃO;"Não aceita";30/06/2026
"Kezia Barna";20238787729;kezia.ribeiro.barna11@gmail.com;+5521984126355;;;"Rua Barão de Ipanema";105;"apto 303";"Rio de Janeiro";Copacabana;"Rio de Janeiro";22050031;Brasil;624.14;2;20/06/2026;28/05/2026;NÃO;NÃO;"Não aceita";27/05/2026
"Laríssa Amorim";12372800795;l.duarte.amorim@gmail.com;+5521975340292;;;"Rua Monte Alegre";654;"Apt 02";"São Paulo";Perdizes;"São Paulo";05014000;Brasil;579.00;1;17/06/2026;17/06/2026;NÃO;NÃO;Aceita;17/06/2026
"Laura Galvão de Oliveira";04371346014;laurahg10c@gmail.com;+5554981614610;;;"Rua Aurelio Bitencurt ";250;602;Garibaldi;centro;"Rio Grande do Sul";95720000;Brasil;964.25;1;01/07/2026;01/07/2026;NÃO;NÃO;Aceita;01/07/2026
"Laura Trujillo Almeida  Rodrigues";56727082855;lauratalmeida2010@gmail.com;+5511970574976;;;"Rua Professor Ladislau Peter";80;"Casa 06";"São Paulo";"Jardim Everest";"São Paulo";05602060;Brasil;469.30;1;21/06/2026;21/06/2026;NÃO;NÃO;Aceita;21/06/2026
"Leon Alexander Prist";10479726892;gabriela.prist@icloud.com;+5511943277900;;;"Alameda Itu";547;"ap 21";"São Paulo";"Jardim Paulista";"São Paulo";01421000;Brasil;494.00;1;22/06/2026;22/06/2026;NÃO;NÃO;Aceita;22/06/2026
"Leticia Bringel";36782917831;leticiacolombobringel@gmail.com;+5511982528696;;;"Rua Luiz Seráphico Júnior";380;"apto 1104A";"São Paulo";"Jardim Caravelas";"São Paulo";04729080;Brasil;191.01;1;23/06/2026;23/06/2026;NÃO;NÃO;Aceita;23/06/2026
"Leticia Kuerten pamplona da silva";10711594961;leticiakuertenn@gmail.com;;;;"Rua Esteves Júnior";522;"701 B";Florianópolis;Centro;"Santa Catarina";88015130;Brasil;299.55;1;26/05/2026;26/05/2026;NÃO;NÃO;"Não aceita";26/05/2026
"Letícia Procaci";18633461714;leticiaprocaci@hotmail.com;+5521998368143;;;"Rua do Humaitá";207;"Apartamento 1008";"Rio de Janeiro";Humaitá;"Rio de Janeiro";22261005;Brasil;203.38;1;28/05/2026;28/05/2026;NÃO;NÃO;Aceita;28/05/2026
"Lissa Phidelys";56544853852;lissaphidelys@gmail.com;+5511941999950;;;"Rua São Manoel";57;"201,Cozumel ";Guarulhos;"Vila Galvão";"São Paulo";07073010;Brasil;228.46;1;12/06/2026;12/06/2026;NÃO;NÃO;Aceita;12/06/2026
"Livia Alves";45207060848;livia_uca@hotmail.com;+5553999221710;;;"Avenida Almirante Cochrane";83;"apto 31";Santos;Embaré;"São Paulo";11040001;Brasil;1019.35;1;29/06/2026;29/06/2026;NÃO;NÃO;"Não aceita";29/06/2026
"Liz Batista";07010501360;lizcatundabatista@gmail.com;+5585988465508;;;"Rua Afonso Celso";196;"ap 901 T2";Fortaleza;Aldeota;Ceará;60140190;Brasil;132.61;1;16/06/2026;16/06/2026;NÃO;NÃO;"Não aceita";16/06/2026
"Lucas Matteucci";43165589860;matteuccisantos22@gmail.com;+5511971490424;;;"Rua Capitão Luís Ramos";329;;"São Paulo";"Vila Guilherme";"São Paulo";02066011;Brasil;84.78;1;30/06/2026;30/06/2026;NÃO;NÃO;"Não aceita";30/06/2026
"Luisa Queiroz";75521512187;luisaqueirozm@gmail.com;;;;"Rua Humberto I";962;"apto 64";"São Paulo";"Vila Mariana";"São Paulo";04018033;Brasil;690.06;2;27/05/2026;27/05/2026;NÃO;NÃO;"Não aceita";27/05/2026
"Luiza Mejias";52753262896;mejiasluiza@gmail.com;;;;"Rua Caiubi";321;"Aptp 22";"São Paulo";Perdizes;"São Paulo";05010000;Brasil;469.30;1;26/05/2026;26/05/2026;NÃO;NÃO;"Não aceita";26/05/2026
"Luize Vitório";03516840188;luizevitorio20@gmail.com;+5565999193113;;;"Rua Santa Efigênia";14;;Cuiabá;"Jardim Santa Marta";"Mato Grosso";78043610;Brasil;550.05;1;27/06/2026;27/06/2026;NÃO;NÃO;Aceita;27/06/2026
"Luma abreu";42949078869;luma.b.gabreu@gmail.com;;;;"Rua Correia Dias";475;"apt 113";"São Paulo";Paraíso;"São Paulo";04104001;Brasil;1787.90;1;27/05/2026;27/05/2026;SIM;NÃO;"Não aceita";27/05/2026
"Manuela Blatt";20601759761;manublatt06@gmail.com;+5521990118544;;;"Rua Joana Angélica";35;"Apto 501";"Rio de Janeiro";Ipanema;"Rio de Janeiro";22420030;Brasil;555.00;1;02/06/2026;02/06/2026;NÃO;NÃO;"Não aceita";02/06/2026
"Manuela Callizo Aranha de Sá";81789122520;manucallizo@hotmail.com;+5571999960892;;;"Largo da Vitória";162;"Mansão Wildberger; ap: 4001";Salvador;Vitória;Bahia;40081305;Brasil;493.00;1;07/05/2026;07/05/2026;NÃO;NÃO;"Não aceita";07/05/2026
"Manuella Bechara";14672900762;manuellabsmendonca@gmail.com;+5521993431129;;;"Rua Juiz Alberto Nader";77;"apt 401";Niterói;Charitas;"Rio de Janeiro";24370020;Brasil;110.07;1;13/06/2026;13/06/2026;NÃO;NÃO;"Não aceita";13/06/2026
"Manuella Novais";06220706579;manuella.novais@Hotmail.com;+5571991368088;;;"Rua Esperanto";233;"Apto 1203";Salvador;Graça;Bahia;40150160;Brasil;593.00;1;24/06/2026;24/06/2026;SIM;NÃO;"Não aceita";24/06/2026
"Marcia Gelas";09636993858;mgelas@icloud.com;+5514991611686;;;"Rua Elaine dos Santos";300;;Marília;"Parque das Esmeraldas";"São Paulo";17516685;Brasil;495.04;1;28/06/2026;28/06/2026;NÃO;NÃO;Aceita;28/06/2026
"Maria  Maltez de Almeida Tourinho";04886300537;mariamatourinho13@gmail.com;+5571999996093;;;"Largo da Vitória";162;"apt 1302";Salvador;Vitória;Bahia;40081305;Brasil;1185.60;1;08/05/2026;08/05/2026;NÃO;NÃO;Aceita;08/05/2026
"Maria Alice Andreola";01799523667;marielice@hotmail.com;;;;"Rua Juvenal Melo Senra";52;202;"Belo Horizonte";Belvedere;"Minas Gerais";30320660;Brasil;166.64;1;26/05/2026;26/05/2026;NÃO;NÃO;"Não aceita";26/05/2026
"Maria Barros";04470151092;mariamb0304@icloud.com;;;;"Avenida Coronel Marcos";419;"Casa 9";"Porto Alegre";"Pedra Redonda";"Rio Grande do Sul";91760000;Brasil;507.30;1;26/05/2026;26/05/2026;NÃO;NÃO;"Não aceita";26/05/2026
"Maria Cecília Franco";09437771510;mcpaf16@gmail.com;+5571981167525;;;"Rua Santa Helena";159;"Apt 1002";Salvador;Pituba;Bahia;41830430;Brasil;376.36;1;12/06/2026;12/06/2026;NÃO;NÃO;Aceita;12/06/2026
"Maria Clara Farina Rosa";13912926930;mariaamorafarina@gmail.com;+5549998301013;;;"Rua José Costa Carvalho";423;;Chapecó;"São Cristóvão";"Santa Catarina";89803320;Brasil;494.00;1;02/06/2026;02/06/2026;NÃO;NÃO;"Não aceita";02/06/2026
"Maria Clara Pedrozo";13705871986;mariaclarapedrozo@hotmail.com;+5541997657866;;;"Rua Luiz Ronaldo Canalli";3175;"Apto306 torre 1";Curitiba;"Campo Comprido";Paraná;81230162;Brasil;1079.70;2;01/07/2026;21/06/2026;NÃO;NÃO;"Não aceita";21/06/2026
"Maria Eduarda Cervieri";48951478866;dudacervieri@gmail.com;+5511955502709;;;"Avenida Campos de Jordão";335;;Barueri;Tamboré;"São Paulo";06458252;Brasil;988.00;2;04/06/2026;27/05/2026;NÃO;NÃO;"Não aceita";27/05/2026
"Maria Eduarda Lazarte";05353433106;mariaepnl@gmail.com;+5561991764595;;;"Rua Muribeca";143;"Casa 4";"São Paulo";"Cidade Jardim";"São Paulo";05676080;Brasil;858.26;2;28/05/2026;28/05/2026;NÃO;NÃO;"Não aceita";28/05/2026
"Maria Elena Abreu Marque Andrade";07288253503;mariaelenamarques15@gmail.com;+5571992169893;;;"Rua Le Parc";1601;"Torre 14 ap 1601 ";Salvador;Patamares;Bahia;41680100;Brasil;832.00;1;17/06/2026;17/06/2026;NÃO;NÃO;Aceita;17/06/2026
"Maria Fernanda barioni vieira";48456841870;barionimariafernanda@gmail.com;+5516999920660;;;"Rua Tabapuã";1341;"ap 51";"São Paulo";"Itaim Bibi";"São Paulo";04533004;Brasil;790.00;1;17/06/2026;17/06/2026;NÃO;NÃO;Aceita;17/06/2026
"Maria Fernanda Moreira do Nascimento";19659239769;fefe.moreira882@gmail.com;;;;"Rua São Francisco Xavier";318;"Ap. 301";"Rio de Janeiro";Maracanã;"Rio de Janeiro";20550013;Brasil;128.23;1;26/05/2026;26/05/2026;NÃO;NÃO;"Não aceita";26/05/2026
"Maria Fernanda Trevisan";51690162805;mariaftm1@hotmail.com;+5514996646716;;;"Rua Regente Feijó";705;"Ap04 Edifício Spazio";Lins;Centro;"São Paulo";16400049;Brasil;469.30;1;17/06/2026;17/06/2026;NÃO;NÃO;"Não aceita";17/06/2026
"Maria FRANCO";09437786542;nandapafranco@gmail.com;+5571982001994;;;"Rua Santa Helena";159;"apto 1002";Salvador;Pituba;Bahia;41830430;Brasil;235.04;1;26/06/2026;26/06/2026;NÃO;NÃO;Aceita;26/06/2026
"Maria Gaino Grilo";21325311880;mgainogrilo@gmail.com;+5511963645814;;;"Rua Domingos Lopes da Silva";329;"Apto82 ";"São Paulo";"Vila Suzana";"São Paulo";05641030;Brasil;874.50;2;11/06/2026;26/05/2026;NÃO;NÃO;"Não aceita";26/05/2026
"Maria Godinho";03533681564;ines.godinho27@gmail.com;;;;"Rua Wanderley Pinho";243;"apt 602";Salvador;Itaigara;Bahia;41815270;Brasil;413.90;1;26/05/2026;26/05/2026;NÃO;NÃO;Aceita;26/05/2026
"Maria guimaraes";13091661962;mariajuliahguimaraes@gmail.com;+5548991344491;;;"Avenida dos Búzios";2965;"casa 12A, condomínio premier";Florianópolis;"Jurerê Internacional";"Santa Catarina";88053301;Brasil;239.00;1;01/06/2026;01/06/2026;NÃO;NÃO;"Não aceita";01/06/2026
"maria julia Baumgarten busarello";00844135909;baumgartenmj@outlook.com;;;;"Rua das Fiandeiras";48;"Apt 123";"São Paulo";"Vila Olímpia";"São Paulo";04545000;Brasil;494.00;1;26/05/2026;26/05/2026;NÃO;NÃO;"Não aceita";26/05/2026
"Maria Julia Pizzolato";06736824397;mariajuliapfp@icloud.com;+5581992038128;;;"Rua Senador Cândido Ferraz";1820;"Ap 13";Teresina;Jóquei;Piauí;64049250;Brasil;896.00;1;01/07/2026;01/07/2026;NÃO;NÃO;"Não aceita";01/07/2026
"Maria julia roxo nobre";;majuroxonobre@gmail.com;+5561999678147;;;;;;;;;;;0.00;0;;01/07/2026;NÃO;NÃO;"Não aceita";01/07/2026
"Maria luiza Borges";17988222708;contato.maluborgesm@gmail.com;;;;"Avenida Rachel de Queiroz";90;"Condomínio Del lago ";"Rio de Janeiro";"Barra da Tijuca";"Rio de Janeiro";22793100;Brasil;1044.90;1;26/05/2026;26/05/2026;NÃO;NÃO;"Não aceita";26/05/2026
"Maria Maeli Elza da Silva";;mmaelielza@gmail.com;+5587996461742;;;;;;;;;;;0.00;0;;17/06/2026;SIM;NÃO;Aceita;17/06/2026
"Maria Rigon";14783015708;mdarw2009@gmail.com;+5521972929092;;;"Rua Aperana";22;301;"Rio de Janeiro";Leblon;"Rio de Janeiro";22450190;Brasil;238.82;1;19/06/2026;19/06/2026;NÃO;NÃO;Aceita;19/06/2026
"Maria Souza";71675341451;mariagianna.souoli@gmail.com;+5583991287799;;;"Avenida João Cirilo da Silva";1700;"Condomínio Vila Real, Casa 132";"João Pessoa";"Altiplano Cabo Branco";Paraíba;58046005;Brasil;469.30;1;28/06/2026;27/06/2026;NÃO;NÃO;Aceita;28/06/2026
"Maria Victoria CONTE DE CARVALHO DIAS";41093576839;maria.victoria.conte7@gmail.com;+5511998992275;;;"Rua da Consolação";3625;"8 andar";"São Paulo";"Cerqueira César";"São Paulo";01416000;Brasil;591.00;1;17/06/2026;17/06/2026;NÃO;NÃO;Aceita;17/06/2026
"Maria vieira";06283396585;clarasobral2302@gmail.com;+5579999539662;;;"Rua Bela Cintra";1490;"Apto 112";"São Paulo";Consolação;"São Paulo";01415001;Brasil;672.60;1;05/06/2026;05/06/2026;NÃO;NÃO;Aceita;05/06/2026
"Maria Vitoria Ribeiro Lima";03506957503;mariavsrlima@gmail.com;+5571999600484;;;"Rua Jacques Félix";326;;"São Paulo";"Vila Nova Conceição";"São Paulo";04509002;Brasil;1179.98;1;20/05/2026;20/05/2026;NÃO;NÃO;"Não aceita";20/05/2026
"Marina Berti";13885943905;marina.redi@icloud.com;;;;"Rua Major Francisco Hardy";220;"Casa 18";Curitiba;"Campo Comprido";Paraná;81230164;Brasil;224.24;1;26/05/2026;26/05/2026;NÃO;NÃO;"Não aceita";26/05/2026
"Mayara Riscado";12972289790;mayarariscado@id.uff.br;+5524998384065;;;"Avenida Marquês de Barbacena";111;;"Angra dos Reis";Jacuacanga;"Rio de Janeiro";23914370;Brasil;197.07;1;02/06/2026;02/06/2026;NÃO;NÃO;"Não aceita";02/06/2026
"Melissa Hebling";44215865875;heblingmelissa@gmail.com;;;;"Rua Cachoeira Utupanema";174;"apto 13 bloco b";"São Paulo";"Vila Carmosina";"São Paulo";08270140;Brasil;551.00;1;26/05/2026;26/05/2026;NÃO;NÃO;"Não aceita";26/05/2026
"Milena Garrido";04349996281;milenaleticiagarrido@gmail.com;;;;"Rua Alexandre Amorim";193;"Vila Resende casa 15";Manaus;"Nossa Senhora Aparecida";Amazonas;69010300;Brasil;0.00;0;;28/05/2026;NÃO;NÃO;"Não aceita";26/05/2026
"Nara Bueno";17431036892;naracbueno@icloud.com;+5511996310334;;;"Rua Paiaguás";75;"Apto 141";"São Paulo";"Vila Congonhas";"São Paulo";04624080;Brasil;768.00;1;25/06/2026;25/06/2026;NÃO;NÃO;Aceita;25/06/2026
"Nardele Souza";;nardeleadv@outlook.com;+5581999322588;;;;;;;;;;;0.00;0;;30/06/2026;NÃO;NÃO;"Não aceita";30/06/2026
"Nathalia Andrian Reis";08895211901;andrian_@hotmail.com;;;;"Rua José Raimundo de Magalhães";178;;Sarandi;"Jardim Europa";Paraná;87111070;Brasil;397.38;1;27/04/2026;27/04/2026;NÃO;NÃO;"Não aceita";16/04/2026
"Nathalia Sally";16591449736;nathaliapintosally@gmail.com;+5521995917077;;;"Avenida Rebouças";2636;"Apto 610";"São Paulo";Pinheiros;"São Paulo";05402400;Brasil;469.30;1;12/06/2026;12/06/2026;NÃO;NÃO;Aceita;12/06/2026
"Paola Bettoni Brait";07229043123;paolabbrait@gmail.com;+5567981861023;;;"Rua João Fagundes de Menezes";4180;;Dourados;"Jardim Europa";"Mato Grosso do Sul";79826530;Brasil;494.00;1;29/06/2026;29/06/2026;NÃO;NÃO;"Não aceita";29/06/2026
"Paola Boggio Biazzi";41171693869;paolaboggiobiazzi@gmail.com;+5511999958988;;;"Avenida das Magnólias";99;"Casa ";"São Paulo";"Cidade Jardim";"São Paulo";05674000;Brasil;2470.00;4;25/06/2026;16/06/2026;NÃO;NÃO;"Não aceita";16/06/2026
"Patricia Barizon";00617928703;barizon.patricia@gmail.com;+5521991035260;;;"Rua Professor Gastão Bahiana";400;704;"Rio de Janeiro";Copacabana;"Rio de Janeiro";22071030;Brasil;212.04;1;29/05/2026;29/05/2026;NÃO;NÃO;Aceita;29/05/2026
"Patricia de Jesus";18788233880;patydjs@icloud.com;+5511953189678;;;"Rua Leopoldo Couto Magalhães Júnior";1305;81;"São Paulo";"Itaim Bibi";"São Paulo";04542012;Brasil;958.55;1;01/06/2026;01/06/2026;NÃO;NÃO;Aceita;01/06/2026
"Pietra Luka Jaquie Castelo Branco";;pips2240@gmail.com;+5516981909171;;;;;;;;;;;0.00;0;;27/05/2026;SIM;NÃO;Aceita;27/05/2026
"Poliana Folly";19186392727;polianafolly@gmail.com;+5521987724434;;;"Rua Álvares de Azevedo";144;"Ap 402";Niterói;Icaraí;"Rio de Janeiro";24220021;Brasil;223.92;1;18/06/2026;18/06/2026;NÃO;NÃO;"Não aceita";18/06/2026
"Rachel Suhett";13690300703;rachelpaes11@gmail.com;+5521979185267;;;"Rua Mariz e Barros";612;"Apt 502, Bl 3";"Rio de Janeiro";"Praça da Bandeira";"Rio de Janeiro";20270001;Brasil;876.00;1;01/06/2026;01/06/2026;NÃO;NÃO;Aceita;01/06/2026
"Rafaela Queiroz Arab";;rafaela.qarab@gmail.com;+5519981354412;;;;;;;;;;;0.00;0;;23/06/2026;SIM;NÃO;Aceita;23/06/2026
"Rafaella Balan";50220216843;rafaellabalan@hotmail.com;;;;"Rua Monte Alegre";1240;"ap 11";"São Paulo";Perdizes;"São Paulo";05014001;Brasil;199.00;1;26/05/2026;26/05/2026;SIM;NÃO;"Não aceita";26/05/2026
"Raissa ichihara";33730522892;raissa.i@hotmail.com;+5511987149279;;;"Rua Fiação da Saúde";361;"apto 57";"São Paulo";"Vila da Saúde";"São Paulo";04144020;Brasil;494.00;1;15/06/2026;15/06/2026;NÃO;NÃO;"Não aceita";15/06/2026
"Raquel Torres";20574967400;raqueltbarb@gmail.com;+5583991431578;;;"Rua Riachuelo";470;;"Campina Grande";Liberdade;Paraíba;58414140;Brasil;305.38;1;28/05/2026;28/05/2026;NÃO;NÃO;Aceita;28/05/2026
"Rebecca Perng";06601632929;rebeccaperng@hotmail.com;+5547992083388;;;"Avenida Lavandisca";627;"Apt 224";"São Paulo";Indianópolis;"São Paulo";04515011;Brasil;200.46;1;29/06/2026;29/06/2026;NÃO;NÃO;Aceita;29/06/2026
"Roberta Azeredo";15813172718;robertalazeredo@hotmail.com;+5521971009905;;;"Rua Ribeiro de Almeida";40;;Niterói;Barreto;"Rio de Janeiro";24110149;Brasil;436.00;1;30/06/2026;30/06/2026;NÃO;NÃO;Aceita;30/06/2026
"Roberta Luz";14214991850;roberta.snluz@outlook.com;+5511981331996;;;"Alameda das Bauhínias";586;"Condomínio Tambore 10";"Santana de Parnaíba";Tamboré;"São Paulo";06544540;Brasil;2316.00;1;20/06/2026;20/06/2026;NÃO;NÃO;"Não aceita";20/06/2026
"Rosana Garutti";42817528115;rosanagarutti@gmail.com;+5561999792367;;;"Quadra SHIS QL 28 Conjunto 1";14;"Casa 14";Brasília;"Setor de Habitações Individuais Sul";"Distrito Federal";71665215;Brasil;377.36;1;20/06/2026;20/06/2026;NÃO;NÃO;Aceita;20/06/2026
"Rutiele Araujo";07003966166;rutiele8@gmail.com;+5561992536886;;;"Setor Habitacional Sol Nascente";24;"Cond Vitoria Chac 125 Cj E casa 24A";Brasília;"Ceilândia Sul";"Distrito Federal";72236800;Brasil;521.10;1;29/06/2026;29/06/2026;NÃO;NÃO;Aceita;29/06/2026
"Samira Ladeira";70980985749;yasminmarques_11@hotmail.com;+5522998907427;;;"Rua Inah Borges Junger";143;;"Bom Jesus do Itabapoana";"Jardim Valeria";"Rio de Janeiro";28360000;Brasil;439.40;1;25/06/2026;25/06/2026;NÃO;NÃO;Aceita;25/06/2026
"Sara Valente";70779278143;civilesarapvalente@gmail.com;+5562999502593;;;"Rua B11";16;;Goiânia;"Jardins Paris";Goiás;74885634;Brasil;234.84;1;16/06/2026;16/06/2026;NÃO;NÃO;Aceita;16/06/2026
"Sarah Batista";01842622595;sarahbatistaa15@gmail.com;+5571997299111;;;"Rua José Pancetti";377;"Apt 801";Salvador;Barra;Bahia;40140420;Brasil;1552.00;1;05/06/2026;05/06/2026;NÃO;NÃO;Aceita;05/06/2026
"Sem nome";;amandaribneves@gmail.com;;;;;;;;;;;;0.00;0;;01/06/2026;SIM;01-06-2026;Aceita;01/06/2026
"Sem nome";;biancafogassa@hotmail.com;;;;;;;;;;;;0.00;0;;16/06/2026;NÃO;16-06-2026;Aceita;16/06/2026
"Sem nome";;camisz.ribeiro@icloud.com;;;;;;;;;;;;0.00;0;;01/07/2026;NÃO;01-07-2026;Aceita;01/07/2026
"Sem nome";;gabibueno@hotmail.com;;;;;;;;;;;;0.00;0;;19/06/2026;NÃO;19-06-2026;Aceita;19/06/2026
"Sem nome";;gabigilioli2023@hotmail.com;;;;;;;;;;;;0.00;0;;16/06/2026;SIM;16-06-2026;Aceita;16/06/2026
"Sem nome";;julianabarbosaoliveiracesar@gmail.com;;;;;;;;;;;;0.00;0;;29/05/2026;NÃO;29-05-2026;Aceita;29/05/2026
"Sem nome";;larissahaidee@gmail.com;;;;;;;;;;;;0.00;0;;26/06/2026;NÃO;26-06-2026;Aceita;26/06/2026
"Sem nome";;louisefuganti.mkt@gmail.com;;;;;;;;;;;;0.00;0;;28/06/2026;NÃO;28-06-2026;Aceita;28/06/2026
"Sem nome";;luizacariani@outlook.com;;;;;;;;;;;;0.00;0;;18/06/2026;NÃO;18-06-2026;Aceita;18/06/2026
"Sem nome";;m_ritafernandes@uol.com.br;;;;;;;;;;;;0.00;0;;30/05/2026;NÃO;30-05-2026;Aceita;30/05/2026
"Sem nome";;mariacguima@gmail.com;;;;;;;;;;;;0.00;0;;24/06/2026;NÃO;24-06-2026;Aceita;24/06/2026
"Sem nome";;novomeuclaro@gmail.com;;;;;;;;;;;;0.00;0;;21/06/2026;NÃO;21-06-2026;Aceita;21/06/2026
"Sem nome";;sarahfilhaguisouza@gmail.com;;;;;;;;;;;;0.00;0;;27/05/2026;NÃO;27-05-2026;Aceita;27/05/2026
"Sem nome";;valentinaserranoruiiz@gmail.com;;;;;;;;;;;;0.00;0;;19/06/2026;NÃO;19-06-2026;Aceita;19/06/2026
"Sem nome";;vitorinha.aalves@hotmail.com;;;;;;;;;;;;0.00;0;;26/05/2026;NÃO;26-05-2026;Aceita;26/05/2026
"Sofia Arone";50997697806;sofiadellazuanaarone@gmail.com;+5511998038208;;;"Rua Wanderley";1295;"Ap 41";"São Paulo";Perdizes;"São Paulo";05011001;Brasil;370.00;1;15/06/2026;15/06/2026;NÃO;NÃO;Aceita;15/06/2026
"Sofia Ivorra";19402755713;sofia.ivorra@gmail.com;+5521997891919;;;"Avenida Doutor Cardoso de Melo";699;212;"São Paulo";"Vila Olímpia";"São Paulo";04548003;Brasil;550.05;1;30/05/2026;30/05/2026;NÃO;NÃO;"Não aceita";30/05/2026
"Sofia Lopes";12402211776;sossolopes901@gmail.com;+5521997059797;;;"Rua Tiradentes";149;1301;Niterói;Ingá;"Rio de Janeiro";24210510;Brasil;840.09;2;12/06/2026;30/05/2026;NÃO;NÃO;Aceita;08/06/2026
"Sofia Mayumi Natori";;mayuu1512@gmail.com;+5569999583097;;;;;;;;;;;0.00;0;;29/05/2026;SIM;NÃO;Aceita;29/05/2026
"Sophia Bouziani";14079039930;sg7141128@gmail.com;+5548999502137;;;"Rua Walter da Silva Koerich";150;Ap1101;"São José";Kobrasol;"Santa Catarina";88101370;Brasil;1482.00;2;30/05/2026;26/05/2026;NÃO;NÃO;"Não aceita";26/05/2026
"Sophia Loureiro";20836183789;soloureiro27@gmail.com;+5521998586606;;;"Rua Caçapava";83;"Apt 131";"São Paulo";"Jardim Paulista";"São Paulo";01408010;Brasil;294.61;1;15/06/2026;15/06/2026;NÃO;NÃO;"Não aceita";15/06/2026
"Sophia Marinho";09651031107;sophia18brito@gmail.com;;;;"Quadra 204";SN;"Res. Quattro Mirante  1801 B";Brasília;"Sul (Águas Claras)";"Distrito Federal";71939540;Brasil;580.00;1;27/05/2026;27/05/2026;NÃO;NÃO;"Não aceita";27/05/2026
"Stephanie Ens";42907971808;stephanie.enss@gmail.com;+5511972315001;;;"Alameda Gregório Bogossian Sobrinho";60;143;"Santana de Parnaíba";Tamboré;"São Paulo";06543385;Brasil;550.05;1;15/06/2026;15/06/2026;NÃO;NÃO;Aceita;15/06/2026
"Teste Testador";85746653047;teste_2131235@gmail.com;+5588999991111;;;"Rua H8B";123;;"São José dos Campos";"Campus do CTA";"São Paulo";12228461;Brasil;0.00;0;;24/06/2026;NÃO;NÃO;"Não aceita";24/06/2026
"Teste Testador";85746653047;teste@gmail.com;+5588999991111;;;"Rua H8B";123;;"São José dos Campos";"Campus do CTA";"São Paulo";12228461;Brasil;0.00;0;;17/06/2026;NÃO;NÃO;"Não aceita";17/06/2026
"Teste Teste";70901387045;teste_213@gmail.com;+5588999991111;;;"Rua H8B";123;;"São José dos Campos";"Campus do CTA";"São Paulo";12228461;Brasil;0.00;0;;17/06/2026;NÃO;NÃO;"Não aceita";17/06/2026
"Teste Teste";10366185950;teste.teste@teste.com.br;+551140028922;;;"Travessa João Augusto Becker";SN;;Osasco;Remédios;"São Paulo";06296300;Brasil;46.95;1;01/07/2026;01/07/2026;NÃO;NÃO;"Não aceita";01/07/2026
"Thainara Moreira";05481606518;thaaimoreira@gmail.com;+5571999112067;;;"Alameda Marine";73;"Ap 903b";Salvador;"Costa Azul";Bahia;41760037;Brasil;436.00;1;01/06/2026;31/05/2026;SIM;NÃO;"Não aceita";31/05/2026
"Thallya Moura";52880543800;thallyacm@icloud.com;+5513981945266;;;"Rua Maranhão";371;"apto 707";"São Paulo";Higienópolis;"São Paulo";01240001;Brasil;579.00;1;29/05/2026;29/05/2026;NÃO;NÃO;"Não aceita";29/05/2026
"Valeria Favoretto";24812848873;valeriafavoretto@hotmail.com;+5511967126916;;;"Avenida Pentágono, 1100";1100;"Alameda Água casa 14";"Santana de Parnaíba";Alphaville;"São Paulo";06540900;Brasil;334.33;1;11/06/2026;11/06/2026;NÃO;NÃO;"Não aceita";11/06/2026
"Vanessa Ciccotti";42444031830;vciccotti@hotmail.com;;;;"Rua São Vicente de Paulo";705;"Ap 62";"São Paulo";"Santa Cecília";"São Paulo";01229010;Brasil;309.46;1;26/05/2026;26/05/2026;NÃO;NÃO;"Não aceita";26/05/2026
"Verônica Mees";13952800961;vemees2705@gmail.com;+5548991426661;;;"Rua Siena";336;;Palhoça;Pagani;"Santa Catarina";88132233;Brasil;191.78;2;30/06/2026;24/06/2026;NÃO;NÃO;"Não aceita";30/05/2026
"Victoria Alvarez";43640288866;vicalv94@gmail.com;+5514996316041;;;"Avenida Doutor Cardoso de Melo";291;"apt 51";"São Paulo";"Vila Olímpia";"São Paulo";04548001;Brasil;463.20;1;26/06/2026;26/06/2026;NÃO;NÃO;Aceita;26/06/2026
"Victoria Meyer sa";17149603742;victoriameyersa2708@gmail.com;+5521979240032;;;"Avenida Delfim Moreira";996;"Ap 101";"Rio de Janeiro";Leblon;"Rio de Janeiro";22441000;Brasil;0.00;0;;03/06/2026;NÃO;NÃO;Aceita;03/06/2026
"Vitaliya Trotsenko";13841798870;trotsenkovita@gmail.com;+5511945554055;;;"Rua Barão do Triunfo";1220;91;"São Paulo";"Brooklin Paulista";"São Paulo";04602005;Brasil;229.78;1;02/06/2026;02/06/2026;NÃO;NÃO;Aceita;02/06/2026
"Vivianne Reis";45371115854;vivianne.netto@hotmail.com;;;;"Rua Doutor José Pereira de Queiros";47;"Apartamento 303";"São Paulo";Higienópolis;"São Paulo";01241040;Brasil;656.97;1;26/05/2026;26/05/2026;SIM;NÃO;"Não aceita";26/05/2026
"Zara Soares de Melo";72014507430;melozara3@gmail.com;+5583993879062;;;"Rua Abelardo da Silva Guimarães Barreto";51;"Apt 2902A";"João Pessoa";"Altiplano Cabo Branco";Paraíba;58046110;Brasil;1822.00;2;04/06/2026;03/06/2026;NÃO;NÃO;"Não aceita";03/06/2026
