id,name,created_at,age_days,responsible_user_id,price,pipeline_id,status_id,link_kommo
4616088,Lead #4616088,2026-06-07 13:55,46,15509887,0,14033351,108316683,https://rosie.kommo.com/leads/detail/4616088
4615980,Lead #4615980,2026-06-07 22:49,45,15509887,0,14033351,108316683,https://rosie.kommo.com/leads/detail/4615980
4616018,Lead #4616018,2026-06-08 10:12,45,15509887,0,14033351,108316683,https://rosie.kommo.com/leads/detail/4616018
4616000,Lead #4616000,2026-06-08 15:31,45,15509887,0,14033351,108316683,https://rosie.kommo.com/leads/detail/4616000
4616034,Lead #4616034,2026-06-09 09:40,44,15509887,0,14033351,108316683,https://rosie.kommo.com/leads/detail/4616034
4616098,Lead #4616098,2026-06-09 17:39,44,15509887,0,14033351,108316683,https://rosie.kommo.com/leads/detail/4616098
4616030,Lead #4616030,2026-06-10 10:59,43,15509887,0,14033351,108316683,https://rosie.kommo.com/leads/detail/4616030
4616084,Lead #4616084,2026-06-10 14:03,43,15509887,0,14033351,108316683,https://rosie.kommo.com/leads/detail/4616084
4616074,Lead #4616074,2026-06-12 15:41,41,15509887,0,14033351,108316683,https://rosie.kommo.com/leads/detail/4616074
4616080,Lead #4616080,2026-06-12 15:56,41,15509887,0,14033351,108316683,https://rosie.kommo.com/leads/detail/4616080
4615960,Lead #4615960,2026-06-12 16:25,41,15509887,0,14033351,108316683,https://rosie.kommo.com/leads/detail/4615960
4616062,Lead #4616062,2026-06-12 17:28,41,15509887,0,14033351,108316683,https://rosie.kommo.com/leads/detail/4616062
4616014,Lead #4616014,2026-06-12 18:58,41,15509887,0,14033351,108316683,https://rosie.kommo.com/leads/detail/4616014
4616020,Lead #4616020,2026-06-14 20:01,39,15509887,0,14033351,108316683,https://rosie.kommo.com/leads/detail/4616020
4616078,Lead #4616078,2026-06-14 20:21,39,15509887,0,14033351,108316683,https://rosie.kommo.com/leads/detail/4616078
4616090,Lead #4616090,2026-06-15 08:56,38,15509887,0,14033351,108316683,https://rosie.kommo.com/leads/detail/4616090
4616054,Lead #4616054,2026-06-15 09:39,38,15509887,0,14033351,108316683,https://rosie.kommo.com/leads/detail/4616054
4616056,Lead #4616056,2026-06-15 09:39,38,15509887,0,14033351,108316683,https://rosie.kommo.com/leads/detail/4616056
4616026,Lead #4616026,2026-06-15 15:16,38,15509887,0,14033351,108316683,https://rosie.kommo.com/leads/detail/4616026
4616070,Lead #4616070,2026-06-17 16:29,36,15509887,0,14033351,108316683,https://rosie.kommo.com/leads/detail/4616070
4616004,Lead #4616004,2026-06-18 11:46,35,15509887,0,14033351,108316683,https://rosie.kommo.com/leads/detail/4616004
4616096,Lead #4616096,2026-06-18 13:50,35,15509887,0,14033351,108316683,https://rosie.kommo.com/leads/detail/4616096
4616110,Lead #4616110,2026-06-21 16:46,32,15509887,0,14033351,108316683,https://rosie.kommo.com/leads/detail/4616110
4616094,Lead #4616094,2026-06-21 19:32,32,15509887,0,14033351,108316683,https://rosie.kommo.com/leads/detail/4616094
4616060,Lead #4616060,2026-06-23 14:25,30,15509887,0,14033351,108316683,https://rosie.kommo.com/leads/detail/4616060
4615992,Lead #4615992,2026-06-24 13:26,29,15509887,0,14033351,108316683,https://rosie.kommo.com/leads/detail/4615992
4616038,Lead #4616038,2026-06-25 10:49,28,15509887,0,14033351,108316683,https://rosie.kommo.com/leads/detail/4616038
4616042,Lead #4616042,2026-06-25 18:06,28,15509887,0,14033351,108316683,https://rosie.kommo.com/leads/detail/4616042
4615990,Lead #4615990,2026-06-26 17:23,27,15509887,0,14033351,108316683,https://rosie.kommo.com/leads/detail/4615990
4616082,Lead #4616082,2026-06-28 09:52,25,15509887,0,14033351,108316683,https://rosie.kommo.com/leads/detail/4616082
4616010,Lead #4616010,2026-06-29 08:08,24,15509887,0,14033351,108316683,https://rosie.kommo.com/leads/detail/4616010
4615986,Lead #4615986,2026-06-29 12:28,24,15509887,0,14033351,108316683,https://rosie.kommo.com/leads/detail/4615986
2683026,Order 1998451634,2026-06-23 18:20,30,15509887,469,14034623,108327111,https://rosie.kommo.com/leads/detail/2683026
4616076,Lead #4616076,2026-06-30 15:55,23,15509887,0,14033351,108316683,https://rosie.kommo.com/leads/detail/4616076
4616058,Lead #4616058,2026-06-30 20:29,23,15509887,0,14033351,108316683,https://rosie.kommo.com/leads/detail/4616058
2828902,Order 2000290243,2026-06-20 16:17,33,15509887,377,14034623,108327111,https://rosie.kommo.com/leads/detail/2828902
4616068,Lead #4616068,2026-07-01 08:20,22,15509887,0,14033351,108316683,https://rosie.kommo.com/leads/detail/4616068
2724094,Order 2004368305,2026-06-26 03:43,27,15509887,533,14034623,108327111,https://rosie.kommo.com/leads/detail/2724094
2724070,Order 2004810480,2026-06-26 17:52,27,15509887,409,14034623,108327111,https://rosie.kommo.com/leads/detail/2724070
2724102,Order 2006399955,2026-06-28 23:17,24,15509887,207,14034623,108327111,https://rosie.kommo.com/leads/detail/2724102
3029358,Order 2003236187,2026-06-24 16:09,29,15509887,135,14034623,108327111,https://rosie.kommo.com/leads/detail/3029358
2724084,Order 2005308048,2026-06-27 13:06,26,15509887,294,14034623,108327111,https://rosie.kommo.com/leads/detail/2724084
2724080,Order 2005854925,2026-06-28 11:11,25,15509887,108,14034623,108327111,https://rosie.kommo.com/leads/detail/2724080
4615966,Lead #4615966,2026-07-01 20:12,22,15509887,0,14033351,108316683,https://rosie.kommo.com/leads/detail/4615966
3148840,Order 2008697251,2026-07-01 20:50,22,15509887,283,14034623,108327111,https://rosie.kommo.com/leads/detail/3148840
4616092,Lead #4616092,2026-07-02 11:03,21,15509887,0,14033351,108316683,https://rosie.kommo.com/leads/detail/4616092
4615964,Lead #4615964,2026-07-02 11:04,21,15509887,0,14033351,108316683,https://rosie.kommo.com/leads/detail/4615964
4616052,Lead #4616052,2026-07-02 11:05,21,15509887,0,14033351,108316683,https://rosie.kommo.com/leads/detail/4616052
4615962,Lead #4615962,2026-07-02 11:07,21,15509887,0,14033351,108316683,https://rosie.kommo.com/leads/detail/4615962
4615988,Lead #4615988,2026-07-02 11:09,21,15509887,0,14033351,108316683,https://rosie.kommo.com/leads/detail/4615988
4616036,Lead #4616036,2026-07-02 11:10,21,15509887,0,14033351,108316683,https://rosie.kommo.com/leads/detail/4616036
4615946,Lead #4615946,2026-07-02 11:11,21,15509887,0,14033351,108316683,https://rosie.kommo.com/leads/detail/4615946
4615994,Lead #4615994,2026-07-02 11:12,21,15509887,0,14033351,108316683,https://rosie.kommo.com/leads/detail/4615994
4616050,Lead #4616050,2026-07-02 11:12,21,15509887,0,14033351,108316683,https://rosie.kommo.com/leads/detail/4616050
4616116,Lead #4616116,2026-07-02 11:15,21,15509887,0,14033351,108316683,https://rosie.kommo.com/leads/detail/4616116
4615948,Lead #4615948,2026-07-02 11:15,21,15509887,0,14033351,108316683,https://rosie.kommo.com/leads/detail/4615948
4615974,Lead #4615974,2026-07-02 11:16,21,15509887,0,14033351,108316683,https://rosie.kommo.com/leads/detail/4615974
4616104,Lead #4616104,2026-07-02 11:17,21,15509887,0,14033351,108316683,https://rosie.kommo.com/leads/detail/4616104
4616032,Lead #4616032,2026-07-02 11:18,21,15509887,0,14033351,108316683,https://rosie.kommo.com/leads/detail/4616032
4615976,Lead #4615976,2026-07-02 11:18,21,15509887,0,14033351,108316683,https://rosie.kommo.com/leads/detail/4615976
3268830,Order 2003984942,2026-06-25 16:11,28,15509887,439,14034623,108327111,https://rosie.kommo.com/leads/detail/3268830
4616016,Lead #4616016,2026-07-02 11:18,21,15509887,0,14033351,108316683,https://rosie.kommo.com/leads/detail/4616016
4615968,Lead #4615968,2026-07-02 11:21,21,15509887,0,14033351,108316683,https://rosie.kommo.com/leads/detail/4615968
4615998,Lead #4615998,2026-07-02 11:22,21,15509887,0,14033351,108316683,https://rosie.kommo.com/leads/detail/4615998
4615952,Lead #4615952,2026-07-02 11:23,21,15509887,0,14033351,108316683,https://rosie.kommo.com/leads/detail/4615952
4615942,Lead #4615942,2026-07-02 11:32,21,15509887,0,14033351,108316683,https://rosie.kommo.com/leads/detail/4615942
4615950,Lead #4615950,2026-07-02 11:33,21,15509887,0,14033351,108316683,https://rosie.kommo.com/leads/detail/4615950
4615972,Lead #4615972,2026-07-02 11:35,21,15509887,0,14033351,108316683,https://rosie.kommo.com/leads/detail/4615972
4615982,Lead #4615982,2026-07-02 11:35,21,15509887,0,14033351,108316683,https://rosie.kommo.com/leads/detail/4615982
4615984,Lead #4615984,2026-07-02 11:37,21,15509887,0,14033351,108316683,https://rosie.kommo.com/leads/detail/4615984
3321608,Order 2003097793,2026-06-24 14:56,29,15509887,593,14034623,108327111,https://rosie.kommo.com/leads/detail/3321608
2724078,Order 2005486730,2026-06-27 18:03,26,15509887,104,14034623,108327111,https://rosie.kommo.com/leads/detail/2724078
2991662,Order 2008339875,2026-07-01 13:15,22,15509887,46,14034623,108327123,https://rosie.kommo.com/leads/detail/2991662
4616108,Lead #4616108,2026-07-02 14:50,21,15509887,0,14033351,108316683,https://rosie.kommo.com/leads/detail/4616108
4616040,Lead #4616040,2026-07-02 14:52,21,15509887,0,14033351,108316683,https://rosie.kommo.com/leads/detail/4616040
4616048,Lead #4616048,2026-07-02 14:54,21,15509887,0,14033351,108316683,https://rosie.kommo.com/leads/detail/4616048
4616046,Lead #4616046,2026-07-02 14:56,21,15509887,0,14033351,108316683,https://rosie.kommo.com/leads/detail/4616046
2724104,Order 2005651239,2026-06-27 22:56,25,15509887,495,14034623,108327111,https://rosie.kommo.com/leads/detail/2724104
3093592,Order 2008526921,2026-07-01 17:20,22,15509887,270,14034623,108327123,https://rosie.kommo.com/leads/detail/3093592
3096788,Order 2008530099,2026-07-01 17:27,22,15509887,270,14034623,108327123,https://rosie.kommo.com/leads/detail/3096788
4616044,Lead #4616044,2026-07-02 20:23,21,15509887,0,14033351,108316683,https://rosie.kommo.com/leads/detail/4616044
2724066,Order 2001268652,2026-06-27 18:14,26,15509887,494,14034623,108327111,https://rosie.kommo.com/leads/detail/2724066
3455540,Order 2007661574,2026-07-02 13:19,21,15509887,127,14034623,108327123,https://rosie.kommo.com/leads/detail/3455540
4616022,Lead #4616022,2026-07-03 15:37,20,15509887,0,14033351,108316683,https://rosie.kommo.com/leads/detail/4616022
2724090,Order 2004547915,2026-06-26 11:13,27,15509887,235,14034623,108327111,https://rosie.kommo.com/leads/detail/2724090
2724100,Order 2005777209,2026-06-28 09:03,25,15509887,469,14034623,108327111,https://rosie.kommo.com/leads/detail/2724100
4242172,Order 2011013709,2026-07-04 15:47,19,15509887,37,14034623,108327111,https://rosie.kommo.com/leads/detail/4242172
4243868,Order 2011015706,2026-07-04 15:56,19,15509887,521,14034623,108327111,https://rosie.kommo.com/leads/detail/4243868
4245222,Order 2011020949,2026-07-04 16:03,19,15509887,440,14034623,108327111,https://rosie.kommo.com/leads/detail/4245222
4246292,Order 2011025982,2026-07-04 16:10,19,15509887,37,14034623,108327111,https://rosie.kommo.com/leads/detail/4246292
4247012,Order 2011031209,2026-07-04 16:15,19,15509887,297,14034623,108327111,https://rosie.kommo.com/leads/detail/4247012
4249196,Order 2011042357,2026-07-04 16:29,19,15509887,602,14034623,108327111,https://rosie.kommo.com/leads/detail/4249196
4252120,Order 2011042646,2026-07-04 16:30,19,15509887,1308,14034623,108327111,https://rosie.kommo.com/leads/detail/4252120
4253202,Order 2011051344,2026-07-04 16:38,19,15509887,113,14034623,108327111,https://rosie.kommo.com/leads/detail/4253202
4259616,Order 2011074306,2026-07-04 17:12,19,15509887,37,14034623,108327111,https://rosie.kommo.com/leads/detail/4259616
4273742,Order 2011081702,2026-07-04 17:31,19,15509887,375,14034623,108327111,https://rosie.kommo.com/leads/detail/4273742
4113036,Order 2010540087,2026-07-03 22:54,19,15509887,469,14034623,108327123,https://rosie.kommo.com/leads/detail/4113036
4401572,Order 2011556577,2026-07-05 11:06,18,15509887,14,14034623,108327123,https://rosie.kommo.com/leads/detail/4401572
4241952,Order 2011013167,2026-07-04 15:45,19,15509887,50,14034623,108327123,https://rosie.kommo.com/leads/detail/4241952
4616008,Lead #4616008,2026-06-28 10:53,25,15509887,0,14033351,108316683,https://rosie.kommo.com/leads/detail/4616008
4644482,Lead #4644482,2026-07-06 11:26,17,15509887,0,14033351,108316683,https://rosie.kommo.com/leads/detail/4644482
2724072,Order 2004457403,2026-06-26 09:16,27,15509887,208,14034623,108327111,https://rosie.kommo.com/leads/detail/2724072
4615958,Lead #4615958,2026-07-02 11:11,21,15509887,0,14033351,108316683,https://rosie.kommo.com/leads/detail/4615958
4615978,Lead #4615978,2026-07-05 12:56,18,15509887,0,14033351,108316683,https://rosie.kommo.com/leads/detail/4615978
4615940,Lead #4615940,2026-07-02 11:19,21,15509887,0,14033351,108316683,https://rosie.kommo.com/leads/detail/4615940
5066672,Order 2012885927,2026-07-07 11:41,16,15509887,575,14034623,108327111,https://rosie.kommo.com/leads/detail/5066672
5221190,Order 2006964346,2026-06-29 18:40,24,15509887,134,14034623,108327115,https://rosie.kommo.com/leads/detail/5221190
5221212,Order 2005022368,2026-06-27 20:45,26,15509887,463,14034623,108327115,https://rosie.kommo.com/leads/detail/5221212
2699814,Order 2002271488,2026-06-30 13:37,23,15509887,436,14034623,108327115,https://rosie.kommo.com/leads/detail/2699814
4641698,Lead #4641698,2026-07-06 11:21,17,15509887,3957,14033351,108316683,https://rosie.kommo.com/leads/detail/4641698
4899192,Order 2012777920,2026-07-06 21:31,17,15509887,1259,14034623,108327123,https://rosie.kommo.com/leads/detail/4899192
5520714,Order 2013342388,2026-07-08 08:57,15,15509887,248,14034623,108327111,https://rosie.kommo.com/leads/detail/5520714
5221198,Order 2003917727,2026-06-29 09:45,24,15509887,200,14034623,108327111,https://rosie.kommo.com/leads/detail/5221198
5585068,Order 2005316231,2026-06-29 00:23,24,15509887,494,14034623,108327123,https://rosie.kommo.com/leads/detail/5585068
4615954,Lead #4615954,2026-07-02 22:11,21,15509887,0,14033351,108316683,https://rosie.kommo.com/leads/detail/4615954
4616066,Lead #4616066,2026-07-02 14:53,21,15509887,0,14033351,108316683,https://rosie.kommo.com/leads/detail/4616066
4616006,Lead #4616006,2026-06-22 17:26,31,15509887,0,14033351,108316683,https://rosie.kommo.com/leads/detail/4616006
5221240,Order 2005715930,2026-06-28 22:26,25,15509887,1019,14034623,108327111,https://rosie.kommo.com/leads/detail/5221240
2990386,Order 2008328314,2026-07-01 13:05,22,15509887,461,14034623,108327111,https://rosie.kommo.com/leads/detail/2990386
6173716,Order 2014977920,2026-07-09 13:30,14,15509887,258,14034623,108327111,https://rosie.kommo.com/leads/detail/6173716
6195624,Order 2015024091,2026-07-09 14:31,14,15509887,436,14034623,108327111,https://rosie.kommo.com/leads/detail/6195624
2793468,Order 2006372251,2026-06-30 18:07,23,15509887,1100,14034623,108327111,https://rosie.kommo.com/leads/detail/2793468
3151314,Order 2008711116,2026-07-01 21:02,22,15509887,127,14034623,108327111,https://rosie.kommo.com/leads/detail/3151314
5221418,Order 2005820299,2026-06-28 12:28,25,15509887,1164,14034623,108327111,https://rosie.kommo.com/leads/detail/5221418
4616086,Lead #4616086,2026-06-15 13:27,38,15509887,0,14033351,108316683,https://rosie.kommo.com/leads/detail/4616086
3022814,Order 2004544552,2026-07-01 14:16,22,15509887,964,14034623,108327111,https://rosie.kommo.com/leads/detail/3022814
4615996,Lead #4615996,2026-07-02 11:21,21,15509887,0,14033351,108316683,https://rosie.kommo.com/leads/detail/4615996
4615970,Lead #4615970,2026-07-04 08:22,19,15509887,0,14033351,108316683,https://rosie.kommo.com/leads/detail/4615970
4616012,Lead #4616012,2026-06-30 20:37,23,15509887,0,14033351,108316683,https://rosie.kommo.com/leads/detail/4616012
4856364,Order 2012759315,2026-07-06 19:03,17,15509887,494,14034623,108327115,https://rosie.kommo.com/leads/detail/4856364
5723208,Order 2004572421,2026-07-08 15:13,15,15509887,123,14034623,108327115,https://rosie.kommo.com/leads/detail/5723208
6066012,Order 1995036339,2026-07-09 08:49,14,15509887,494,14034623,108327115,https://rosie.kommo.com/leads/detail/6066012
5517952,Order 2013953970,2026-07-08 08:40,15,15509887,395,14034623,108327115,https://rosie.kommo.com/leads/detail/5517952
3509070,Order 2008797268,2026-07-02 15:40,21,15509887,115,14034623,108327115,https://rosie.kommo.com/leads/detail/3509070
5469498,Order 2013823647,2026-07-07 23:32,15,15509887,395,14034623,108327115,https://rosie.kommo.com/leads/detail/5469498
5221216,Order 2005139064,2026-06-27 12:33,26,15509887,694,14034623,108327111,https://rosie.kommo.com/leads/detail/5221216
2729904,Order 2007589838,2026-06-30 15:40,23,15509887,663,14034623,108327111,https://rosie.kommo.com/leads/detail/2729904
5221214,Order 2004527080,2026-06-26 11:01,27,15509887,463,14034623,108327111,https://rosie.kommo.com/leads/detail/5221214
2954566,Order 2006591691,2026-07-01 11:21,22,15509887,494,14034623,108327111,https://rosie.kommo.com/leads/detail/2954566
5221206,Order 2005133070,2026-06-27 08:25,26,15509887,550,14034623,108327111,https://rosie.kommo.com/leads/detail/5221206
5221194,Order 2003238615,2026-06-29 22:32,24,15509887,55,14034623,108327111,https://rosie.kommo.com/leads/detail/5221194
5221202,Order 2007088565,2026-06-29 21:31,24,15509887,84,14034623,108327111,https://rosie.kommo.com/leads/detail/5221202
5220946,Order 2006654667,2026-06-29 11:18,24,15509887,521,14034623,108327111,https://rosie.kommo.com/leads/detail/5220946
3455962,Order 2009241495,2026-07-02 13:21,21,15509887,51,14034623,108327111,https://rosie.kommo.com/leads/detail/3455962
6877104,Lead #6877104,2026-07-11 11:41,12,15509887,0,14033351,108316683,https://rosie.kommo.com/leads/detail/6877104
2977608,Order 2008285660,2026-07-01 12:23,22,15509887,896,14034623,108327111,https://rosie.kommo.com/leads/detail/2977608
3528056,Order 2009385851,2026-07-02 16:20,21,15509887,373,14034623,108327111,https://rosie.kommo.com/leads/detail/3528056
5936810,Order 2014533589,2026-07-08 21:42,15,15509887,247,14034623,108327111,https://rosie.kommo.com/leads/detail/5936810
7277640,Order 2017611059,2026-07-13 00:06,10,15509887,224,14034623,108327111,https://rosie.kommo.com/leads/detail/7277640
4115556,Order 2010533752,2026-07-03 23:18,19,15509887,218,14034623,108327111,https://rosie.kommo.com/leads/detail/4115556
3215258,Order 2008983468,2026-07-02 07:50,21,15509887,249,14034623,108327111,https://rosie.kommo.com/leads/detail/3215258
4010962,Order 2010347209,2026-07-03 18:25,20,15509887,494,14034623,108327111,https://rosie.kommo.com/leads/detail/4010962
5952678,Order 2014607211,2026-07-08 23:17,14,15509887,551,14034623,108327111,https://rosie.kommo.com/leads/detail/5952678
6527528,Order 2015785350,2026-07-10 13:37,13,15509887,515,14034623,108327115,https://rosie.kommo.com/leads/detail/6527528
4770278,Order 2012515726,2026-07-06 13:49,17,15509887,579,14034623,108327115,https://rosie.kommo.com/leads/detail/4770278
6395372,Order 2008853710,2026-07-10 01:17,13,15509887,494,14034623,108327115,https://rosie.kommo.com/leads/detail/6395372
6127154,Order 2014887857,2026-07-09 11:33,14,15509887,415,14034623,108327115,https://rosie.kommo.com/leads/detail/6127154
7088876,Order 2016959544,2026-07-12 07:05,11,15509887,112,14034623,108327115,https://rosie.kommo.com/leads/detail/7088876
6239246,Order 2006681648,2026-07-09 16:06,14,15509887,352,14034623,108327115,https://rosie.kommo.com/leads/detail/6239246
6089922,Order 2014819827,2026-07-09 10:16,14,15509887,698,14034623,108327115,https://rosie.kommo.com/leads/detail/6089922
4067674,Order 2010207240,2026-07-03 20:03,20,15509887,469,14034623,108327115,https://rosie.kommo.com/leads/detail/4067674
6523164,Order 2015779598,2026-07-10 13:26,13,15509887,1042,14034623,108327115,https://rosie.kommo.com/leads/detail/6523164
6391536,Order 2013317080,2026-07-10 00:34,13,15509887,524,14034623,108327115,https://rosie.kommo.com/leads/detail/6391536
6675542,Order 2015990988,2026-07-10 18:18,13,15509887,209,14034623,108327115,https://rosie.kommo.com/leads/detail/6675542
5961072,Order 2009446327,2026-07-09 00:18,14,15509887,412,14034623,108327115,https://rosie.kommo.com/leads/detail/5961072
6481726,Order 2015696232,2026-07-10 11:32,13,15509887,128,14034623,108327115,https://rosie.kommo.com/leads/detail/6481726
7250680,Order 2017486122,2026-07-12 21:17,11,15509887,209,14034623,108327115,https://rosie.kommo.com/leads/detail/7250680
6406234,Order 2015526982,2026-07-10 04:55,13,15509887,1482,14034623,108327115,https://rosie.kommo.com/leads/detail/6406234
4616024,Lead #4616024,2026-07-02 11:14,21,15509887,0,14033351,108316683,https://rosie.kommo.com/leads/detail/4616024
3271474,Order 2009145095,2026-07-02 11:27,21,15509887,909,14034623,108327111,https://rosie.kommo.com/leads/detail/3271474
4616106,Lead #4616106,2026-06-17 09:57,36,15509887,0,14033351,108316683,https://rosie.kommo.com/leads/detail/4616106
4940218,Order 2013022400,2026-07-13 14:31,10,15509887,395,14034623,108327111,https://rosie.kommo.com/leads/detail/4940218
7000066,Order 2016711938,2026-07-11 18:34,12,15509887,375,14034623,108327115,https://rosie.kommo.com/leads/detail/7000066
7590742,Order 2012814369,2026-07-13 16:01,10,15509887,269,14034623,108327111,https://rosie.kommo.com/leads/detail/7590742
4616064,Lead #4616064,2026-06-17 16:01,36,15509887,0,14033351,108316683,https://rosie.kommo.com/leads/detail/4616064
7684652,Order 2018264924,2026-07-13 20:32,10,15509887,209,14034623,108327111,https://rosie.kommo.com/leads/detail/7684652
4616072,Lead #4616072,2026-07-02 11:14,21,15509887,0,14033351,108316683,https://rosie.kommo.com/leads/detail/4616072
4616102,Lead #4616102,2026-06-25 14:19,28,15509887,0,14033351,108316683,https://rosie.kommo.com/leads/detail/4616102
4616114,Lead #4616114,2026-06-17 11:32,36,15509887,0,14033351,108316683,https://rosie.kommo.com/leads/detail/4616114
4615956,Lead #4615956,2026-06-24 09:23,29,15509887,0,14033351,108316683,https://rosie.kommo.com/leads/detail/4615956
4616028,Lead #4616028,2026-06-17 08:21,36,15509887,0,14033351,108316683,https://rosie.kommo.com/leads/detail/4616028
4616100,Lead #4616100,2026-06-25 12:27,28,15509887,0,14033351,108316683,https://rosie.kommo.com/leads/detail/4616100
4615944,Lead #4615944,2026-06-15 08:54,38,15509887,0,14033351,108316683,https://rosie.kommo.com/leads/detail/4615944
4616002,Lead #4616002,2026-06-22 17:21,31,15509887,0,14033351,108316683,https://rosie.kommo.com/leads/detail/4616002
12629290,Order 2026988281,2026-07-23 21:52,0,15509887,494,14034623,108327111,https://rosie.kommo.com/leads/detail/12629290
12631890,Order 2020648911,2026-07-23 22:01,0,15509887,218,14034623,108327111,https://rosie.kommo.com/leads/detail/12631890
12637798,Order 2026388914,2026-07-23 22:28,0,15509887,422,14034623,108327111,https://rosie.kommo.com/leads/detail/12637798
